Datos de prueba — GongchaCUP 2026,,,,,
Conjunto ficticio para el reto Sistema de Gestión de Bebidas,,,,,
Propósito,"Proporcionar entradas coherentes para importar, modelar y probar la aplicación. Los datos no representan recetas comerciales reales.",,,,
Relaciones,Catalogo_Productos define los productos; Recetas identifica el resultado y rendimiento; Receta_Detalle contiene los componentes; Inventario_Inicial contiene solo materias primas.,,,,
Regla de rendimiento,"Las cantidades de Receta_Detalle producen exactamente el rendimiento_lote indicado en Recetas. Para escalar, factor = cantidad deseada / rendimiento_lote.",,,,
Dependencias,Los productos semiterminados pueden aparecer como componentes y deben expandirse recursivamente hasta materias primas.,,,,
Unidades,"No convierta unidades salvo que implemente una tabla explícita de conversiones. En estos datos, cada componente y producto conserva una unidad compatible.",,,,
Producción directa,"La cantidad posible se redondea hacia abajo a unidades o lotes completos, según el producto solicitado.",,,,
Evento,Demanda_Evento debe calcularse en conjunto para consolidar componentes compartidos.,,,,
Imágenes,Las rutas son referencias ficticias. Los equipos pueden reemplazarlas con archivos propios o URLs de demostración.,,,,
Casos de validación,Algunos casos incluyen inventarios especiales. El jurado podrá usar valores adicionales para confirmar que el cálculo es dinámico.,,,,
